data,model_name,accuracy_score,f1_score
train,svc,0.9694050991501416,0.9704938675439904
train,knn,0.9603399433427762,0.9618644086947193
train,lr,0.9818696883852691,0.9824877023061598
train,gb,0.9807365439093484,0.9814887085877042
train,xgb,0.9869688385269122,0.9872667390920112
