data,model_name,accuracy_score,f1_score
train,svc,0.9694050991501416,0.9704938675439904
train,knn,0.9603399433427762,0.9618644086947192
train,lr,0.9818696883852692,0.9824877023061598
train,gb,0.9796033994334278,0.9804165453778094
train,xgb,0.9869688385269122,0.9872667390920112
train,xgb_hpt,0.9869688385269122,0.9875805569524299
train,xgb95_hpt,0.9869688385269122,0.9873979489927205
train,xgb50_hpt,0.9801699716713881,0.9806681967086418
train,xgb_top,0.9892351274787535,0.9896282690926603
